序号,标题,日期,地点,观众数,花火数,详情链接
5,"市川三郷町ふるさと夏まつり　第37回「神明の花火大会」","2025年8月7日","山梨県・西八代郡市川三郷町/三郡橋下流笛吹川河畔","200,000人","未知","https://hanabi.walkerplus.com/detail/ar0419e00910/"
6,"第51回 阿賀野川ござれや花火","2025年8月25日","新潟県・新潟市北区/阿賀野川松浜橋上流側","1,070人","未知","https://hanabi.walkerplus.com/detail/ar0415e00061/"
1,"第119回 長野えびす講煙火大会","2025年11月23日","長野県・長野市/長野大橋西側  犀川第2緑地","未知","未知","https://hanabi.walkerplus.com/detail/ar0420e01112/"
2,"長岡まつり大花火大会","2025年8月2日","新潟県・長岡市/信濃川河川敷","未知","未知","https://hanabi.walkerplus.com/detail/ar0415e00665/"
3,"新潟まつり花火大会","2025年8月10日","新潟県・新潟市中央区/新潟市中央区信濃川河畔(昭和大橋周辺)","未知","未知","https://hanabi.walkerplus.com/detail/ar0415e00666/"
4,"全国新作花火チャレンジカップ2025","2025年9月6日","長野県・諏訪市/長野県諏訪市湖畔公園前諏訪湖上","未知","未知","https://hanabi.walkerplus.com/detail/ar0420e00806/"
7,"おぢやまつり大花火大会2024","2024年8月24日","新潟県・小千谷市/信濃川河川敷(旭橋下流)","未知","7000发","https://hanabi.walkerplus.com/detail/ar0415e00060/"
8,"ぎおん柏崎まつり 海の大花火大会","2025年7月26日","新潟県・柏崎市/柏崎市中央海岸・みなとまち海浜公園一帯","未知","6000发","https://hanabi.walkerplus.com/detail/ar0415e00663/"
9,"浅原神社 秋季例大祭奉納大煙火","2025年9月12日","新潟県・小千谷市/片貝町浅原神社裏手","未知","未知","https://hanabi.walkerplus.com/detail/ar0415e00667/"
10,"河口湖湖上祭","2025年8月5日","山梨県・南都留郡富士河口湖町/河口湖畔船津浜","未知","未知","https://hanabi.walkerplus.com/detail/ar0419e00681/"